{
  "source_files": [
    "/data/users/voice/zoey/todak/openWakeWord/data/device_record/ai_voice_replay_16k.wav",
    "/data/users/voice/zoey/todak/openWakeWord/data/device_record/cam_office_noise.wav",
    "/data/users/voice/zoey/todak/openWakeWord/data/device_record/cam_user_after_rebuild.wav",
    "/data/users/voice/zoey/todak/openWakeWord/data/device_record/session_20260610_150204_2f25c044_raw.wav",
    "/data/users/voice/zoey/todak/openWakeWord/data/device_record/session_20260610_155114_1206a971_raw.wav",
    "/data/users/voice/zoey/todak/openWakeWord/data/device_record/zoey_16k.wav",
    "/data/users/voice/zoey/todak/openWakeWord/data/device_record/zoey_16k_60.wav"
  ],
  "num_windows": 349,
  "skipped_low_rms": 0,
  "sample_rate": 16000,
  "window_sec": 1.0,
  "hop_sec": 1.0,
  "min_rms": 0.0001,
  "freq_bias_mean": [
    -0.00020864600082859397,
    0.004151173401623964,
    0.011282270774245262,
    0.0044331019744277,
    0.004105558153241873,
    0.00393230514600873,
    0.0009288721485063434,
    0.001437256927601993,
    0.0006260472000576556,
    -0.0002903238055296242,
    -0.0006400825805030763,
    -0.0007576691568829119,
    -0.0009843108709901571,
    -0.000804730923846364,
    -0.0006271239253692329,
    -2.5425752028240822e-05,
    0.0003642540250439197,
    0.00019377793068997562,
    -0.0004467572725843638,
    -0.000852507131639868,
    -0.0010835821740329266,
    -0.0011487255105748773,
    -0.0011791103752329946,
    -0.0012175003066658974,
    -0.0009257408091798425,
    -0.00048608393990434706,
    -0.0010516190668568015,
    -0.0013987206621095538,
    -0.0014502402627840638,
    -0.0014057544758543372,
    -0.0013048589462414384,
    -0.001329153892584145,
    -0.001459274673834443,
    -0.0014329730765894055,
    -0.0014248844236135483,
    -0.0014950186014175415,
    -0.0015008709160611033,
    -0.001500371377915144,
    -0.0015099747106432915,
    -0.001512586954049766
  ],
  "freq_bias_std": [
    0.003730210242792964,
    0.0068644010461866856,
    0.026018377393484116,
    0.008313773199915886,
    0.01015482284128666,
    0.012167763896286488,
    0.0047897156327962875,
    0.008585147559642792,
    0.006389066576957703,
    0.0029125032015144825,
    0.0023566684685647488,
    0.002342639025300741,
    0.0018505832413211465,
    0.0018893871456384659,
    0.003007864812389016,
    0.009402838535606861,
    0.010214616544544697,
    0.00507589103654027,
    0.0024445427116006613,
    0.0022463465575128794,
    0.0023223883472383022,
    0.00217982055619359,
    0.0022489100228995085,
    0.002291301963850856,
    0.0028323447331786156,
    0.004698857665061951,
    0.002133311005309224,
    0.0025934213772416115,
    0.0026130927726626396,
    0.002410438610240817,
    0.0022474953439086676,
    0.0024145767092704773,
    0.0026903203688561916,
    0.002579251304268837,
    0.0025300460401922464,
    0.0027289458084851503,
    0.0027625432703644037,
    0.0027578093577176332,
    0.0027635139413177967,
    0.0027712571900337934
  ],
  "global_mean_std": 0.002774059073999524,
  "frame_noise_std": 0.008489247411489487
}
